TaxonName	Subfamily	Tribe	Genus	Subgenus	GenusAuthority	Author	Year	OriginalTypeSpecies	CurrentTypeSpecies	SpeciesCount	Images	Source
Acanthognathus	Myrmicinae	Attini	Acanthognathus		Mayr, 1887	Mayr	1887	Acanthognathus ocellatus		7	Present	https://www.antwiki.org/wiki/Acanthognathus
Acanthomyops	Formicinae	Lasiini	Lasius	Acanthomyops	Mayr, 1862	Mayr	1862	Formica clavigera	Lasius claviger		Present	https://www.antwiki.org/wiki/Acanthomyops
Acanthomyrmex	Myrmicinae	Crematogastrini	Acanthomyrmex		Emery, 1893	Emery	1893	Acanthomyrmex luciolae		19	Present	https://www.antwiki.org/wiki/Acanthomyrmex
Acanthoponera	Heteroponerinae		Acanthoponera		Mayr, 1862	Mayr	1862	Ponera mucronata	Acanthoponera mucronata	4	Present	https://www.antwiki.org/wiki/Acanthoponera
Acanthostichus	Dorylinae		Acanthostichus		Mayr, 1887	Mayr	1887	Typhlopone serratula	Acanthostichus serratulus	23	Present	https://www.antwiki.org/wiki/Acanthostichus
Acromyrmex	Myrmicinae	Attini	Acromyrmex		Mayr, 1865	Mayr	1865	Formica hystrix	Acromyrmex hystrix	55	Present	https://www.antwiki.org/wiki/Acromyrmex
Acromyrmex (subgenus)	Myrmicinae	Attini	Acromyrmex	Acromyrmex	Mayr, 1865	Mayr	1865	Formica hystrix	Acromyrmex hystrix	55		https://www.antwiki.org/wiki/Acromyrmex (subgenus)
Acropyga	Formicinae	Plagiolepidini	Acropyga		Roger, 1862	Roger	1862	Acropyga acutiventris		41	Present	https://www.antwiki.org/wiki/Acropyga
Adelomyrmex	Myrmicinae	Solenopsidini	Adelomyrmex		Emery, 1897	Emery	1897	Adelomyrmex biroi		31	Present	https://www.antwiki.org/wiki/Adelomyrmex
Adetomyrma	Amblyoponinae	Amblyoponini	Adetomyrma		Ward, 1994	Ward	1994	Adetomyrma venatrix		9	Present	https://www.antwiki.org/wiki/Adetomyrma
Adlerzia	Myrmicinae	Crematogastrini	Adlerzia		Forel, 1902	Forel	1902	Monomorium (Adlerzia) froggatti	Adlerzia froggatti	1	Present	https://www.antwiki.org/wiki/Adlerzia
Aenictogiton	Dorylinae		Aenictogiton		Emery, 1901	Emery	1901	Aenictogiton fossiceps		7	Present	https://www.antwiki.org/wiki/Aenictogiton
Aenictus	Dorylinae		Aenictus		Shuckard, 1840	Shuckard	1840	Aenictus ambiguus		217	Present	https://www.antwiki.org/wiki/Aenictus
Agraulomyrmex	Formicinae	Plagiolepidini	Agraulomyrmex		Prins, 1983	Prins	1983	Agraulomyrmex meridionalis		2	Present	https://www.antwiki.org/wiki/Agraulomyrmex
Alloformica	Formicinae	Formicini	Alloformica		Dlussky, 1969	Dlussky	1969	Formica aberrans	Alloformica aberrans	4	Present	https://www.antwiki.org/wiki/Alloformica
Allomerus	Myrmicinae	Attini	Allomerus		Mayr, 1878	Mayr	1878	Allomerus decemarticulatus		8	Present	https://www.antwiki.org/wiki/Allomerus
Amblyopone	Amblyoponinae	Amblyoponini	Amblyopone		Erichson, 1842	Erichson	1842	Amblyopone australis		10	Present	https://www.antwiki.org/wiki/Amblyopone
Amoimyrmex	Myrmicinae	Attini	Amoimyrmex		Cristiano, Cardoso & Sandoval, 2020	Cristiano, Cardoso & Sandoval	2020	Atta striata	Amoimyrmex striatus	3		https://www.antwiki.org/wiki/Amoimyrmex
Ancyridris	Myrmicinae	Crematogastrini	Ancyridris		Wheeler, W.M., 1935	Wheeler, W.M.	1935	Ancyridris polyrhachioides		2	Present	https://www.antwiki.org/wiki/Ancyridris
Aneuretus	Aneuretinae	Aneuretini	Aneuretus		Emery, 1893	Emery	1893	Aneuretus simoni		1	Present	https://www.antwiki.org/wiki/Aneuretus
Anillidris	Dolichoderinae	Leptomyrmecini	Anillidris		Santschi, 1936	Santschi	1936	Anillidris bruchi		1	Present	https://www.antwiki.org/wiki/Anillidris
Anillomyrma	Myrmicinae	Solenopsidini	Anillomyrma		Emery, 1913	Emery	1913	Monomorium decamerum	Anillomyrma decamera	2	Present	https://www.antwiki.org/wiki/Anillomyrma
Ankylomyrma	Agroecomyrmecinae	Ankylomyrmini	Ankylomyrma		Bolton, 1973	Bolton	1973	Ankylomyrma coronacantha		1	Present	https://www.antwiki.org/wiki/Ankylomyrma
Anochetus	Ponerinae	Ponerini	Anochetus		Mayr, 1861	Mayr	1861	Odontomachus ghilianii	Anochetus ghilianii	115	Present	https://www.antwiki.org/wiki/Anochetus
Anomalomyrma	Leptanillinae	Anomalomyrmini	Anomalomyrma		Taylor, 1990	Taylor	1990	Anomalomyrma taylori		3	Present	https://www.antwiki.org/wiki/Anomalomyrma
Anonychomyrma	Dolichoderinae	Leptomyrmecini	Anonychomyrma		Donisthorpe, 1947	Donisthorpe	1947	Anonychomyrma myrmex		31	Present	https://www.antwiki.org/wiki/Anonychomyrma
Anoplolepis	Formicinae	Plagiolepidini	Anoplolepis		Santschi, 1914	Santschi	1914	Formica longipes		14	Present	https://www.antwiki.org/wiki/Anoplolepis
Aphaenogaster	Myrmicinae	Stenammini	Aphaenogaster		Mayr, 1853	Mayr	1853	Aphaenogaster sardoa		226	Present	https://www.antwiki.org/wiki/Aphaenogaster
Aphomomyrmex	Formicinae	Plagiolepidini	Aphomomyrmex		Emery, 1899	Emery	1899	Aphomomyrmex afer		1	Present	https://www.antwiki.org/wiki/Aphomomyrmex
Apomyrma	Apomyrminae		Apomyrma		Brown, Gotwald & Levieux, 1971	Brown, Gotwald & Levieux	1971	Apomyrma stygia		1	Present	https://www.antwiki.org/wiki/Apomyrma
Apterostigma	Myrmicinae	Attini	Apterostigma		Mayr, 1865	Mayr	1865	Apterostigma pilosum		44	Present	https://www.antwiki.org/wiki/Apterostigma
Aptinoma	Dolichoderinae	Tapinomini	Aptinoma		Fisher, 2009	Fisher	2009	Aptinoma mangabe		2	Present	https://www.antwiki.org/wiki/Aptinoma
Aretidris	Myrmicinae	Crematogastrini	Aretidris		General, 2015	General	2015	Aretidris buenaventei		2	Present	https://www.antwiki.org/wiki/Aretidris
Arnoldius	Dolichoderinae	Bothriomyrmecini	Arnoldius		Dubovikov, 2005	Dubovikov	2005	Bothriomyrmex flavus	Arnoldius flavus	4	Present	https://www.antwiki.org/wiki/Arnoldius
Asphinctopone	Ponerinae	Ponerini	Asphinctopone		Santschi, 1914	Santschi	1914	Asphinctopone silvestrii		3	Present	https://www.antwiki.org/wiki/Asphinctopone
Atopomyrmex	Myrmicinae	Crematogastrini	Atopomyrmex		Andr, 1889	Andr	1889	Atopomyrmex mocquerysi		3	Present	https://www.antwiki.org/wiki/Atopomyrmex
Atta	Myrmicinae	Attini	Atta		Fabricius, 1804	Fabricius	1804	Formica cephalotes	Atta cephalotes	20	Present	https://www.antwiki.org/wiki/Atta
Aulacomyrma	Formicinae	Camponotini	Polyrhachis	Aulacomyrma	Emery, 1921	Emery	1921	Polyrhachis porcata		37	Present	https://www.antwiki.org/wiki/Aulacomyrma
Aulacopone	Heteroponerinae		Aulacopone		Arnoldi, 1930	Arnoldi	1930	Aulacopone relicta		1	Present	https://www.antwiki.org/wiki/Aulacopone
Austrolasius	Formicinae	Lasiini	Lasius	Austrolasius	Faber, 1967	Faber	1967	Lasius carniolicus			Present	https://www.antwiki.org/wiki/Austrolasius
Austromorium	Myrmicinae	Solenopsidini	Austromorium		Shattuck, 2009	Shattuck	2009	Xiphomyrmex flavigaster	Austromorium flavigaster	2	Present	https://www.antwiki.org/wiki/Austromorium
Austroponera	Ponerinae	Ponerini	Austroponera		Schmidt & Shattuck, 2014	Schmidt & Shattuck	2014	Euponera (Brachyponera) rufonigra	Austroponera rufonigra	3	Present	https://www.antwiki.org/wiki/Austroponera
Axinidris	Dolichoderinae	Tapinomini	Axinidris		Weber, 1941	Weber	1941	Axinidris acholli		21	Present	https://www.antwiki.org/wiki/Axinidris
Azteca	Dolichoderinae	Leptomyrmecini	Azteca		Forel, 1878	Forel	1878	Liometopum xanthochroum	Azteca xanthochroa	113	Present	https://www.antwiki.org/wiki/Azteca
Bajcaridris	Formicinae	Formicini	Bajcaridris		Agosti, 1994	Agosti	1994	Formica (Proformica) theryi	Bajcaridris theryi	3	Present	https://www.antwiki.org/wiki/Bajcaridris
Baracidris	Myrmicinae	Solenopsidini	Baracidris		Bolton, 1981	Bolton	1981	Baracidris meketra		3	Present	https://www.antwiki.org/wiki/Baracidris
Bariamyrma	Myrmicinae	Solenopsidini	Bariamyrma		Lattke, 1990	Lattke	1990	Bariamyrma hispidula		1	Present	https://www.antwiki.org/wiki/Bariamyrma
Baroniurbania	Formicinae	Plagiolepidini	Lepisiota	Baroniurbania	Pagliano & Scaramozzino, 1990	Pagliano & Scaramozzino	1990	Not required			Present	https://www.antwiki.org/wiki/Baroniurbania
Basiceros	Myrmicinae	Attini	Basiceros		Schulz, W.A., 1906	Schulz, W.A.	1906	Meranoplus singularis	Basiceros singularis	8	Present	https://www.antwiki.org/wiki/Basiceros
Belonopelta	Ponerinae	Ponerini	Belonopelta		Mayr, 1870	Mayr	1870	Belonopelta attenuata		2	Present	https://www.antwiki.org/wiki/Belonopelta
Blepharidatta	Myrmicinae	Attini	Blepharidatta		Wheeler, W.M., 1915	Wheeler, W.M.	1915	Blepharidatta brasiliensis		4	Present	https://www.antwiki.org/wiki/Blepharidatta
Boloponera	Ponerinae	Ponerini	Boloponera		Fisher, 2006	Fisher	2006	Boloponera vicans		2	Present	https://www.antwiki.org/wiki/Boloponera
Bondroitia	Myrmicinae	Solenopsidini	Bondroitia		Forel, 1911	Forel	1911	Monomorium coecum	Bondroitia lujae	2	Present	https://www.antwiki.org/wiki/Bondroitia
Bothriomyrmex	Dolichoderinae	Bothriomyrmecini	Bothriomyrmex		Emery, 1869	Emery	1869	Bothriomyrmex costae		29	Present	https://www.antwiki.org/wiki/Bothriomyrmex
Bothroponera	Ponerinae	Ponerini	Bothroponera		Mayr, 1862	Mayr	1862	Ponera pumicosa	Bothroponera pumicosa	45	Present	https://www.antwiki.org/wiki/Bothroponera
Brachymyrmex	Formicinae	Myrmelachistini	Brachymyrmex		Mayr, 1868	Mayr	1868	Brachymyrmex patagonicus		41	Present	https://www.antwiki.org/wiki/Brachymyrmex
Brachyponera	Ponerinae	Ponerini	Brachyponera		Emery, 1900	Emery	1900	Euponera (Brachyponera) croceicornis	Brachyponera croceicornis	23	Present	https://www.antwiki.org/wiki/Brachyponera
Bregmatomyrma	Formicinae	Plagiolepidini	Bregmatomyrma		Wheeler, W.M., 1929	Wheeler, W.M.	1929	Bregmatomyrma carnosa		1	Present	https://www.antwiki.org/wiki/Bregmatomyrma
Buniapone	Ponerinae	Ponerini	Buniapone		Schmidt & Shattuck, 2014	Schmidt & Shattuck	2014	Ponera amblyops	Buniapone amblyops	2	Present	https://www.antwiki.org/wiki/Buniapone
Calomyrmex	Formicinae	Camponotini	Calomyrmex		Emery, 1895	Emery	1895	Formica laevissima	Calomyrmex laevissimus	14	Present	https://www.antwiki.org/wiki/Calomyrmex
Calyptomyrmex	Myrmicinae	Crematogastrini	Calyptomyrmex		Emery, 1887	Emery	1887	Calyptomyrmex beccarii		38	Present	https://www.antwiki.org/wiki/Calyptomyrmex
Campomyrma	Formicinae	Camponotini	Polyrhachis	Campomyrma	Wheeler, W.M., 1911	Wheeler, W.M.	1911	Polyrhachis clypeata	Polyrhachis exercita	58	Present	https://www.antwiki.org/wiki/Campomyrma
Camponotus	Formicinae	Camponotini	Camponotus		Mayr, 1861	Mayr	1861	Formica ligniperda	Camponotus ligniperda	1497	Present	https://www.antwiki.org/wiki/Camponotus
Camponotus (subgenus)	Formicinae	Camponotini	Camponotus	Camponotus	Mayr, 1861	Mayr	1861	Formica ligniperda	Camponotus ligniperda	1497		https://www.antwiki.org/wiki/Camponotus (subgenus)
Cardiocondyla	Myrmicinae	Crematogastrini	Cardiocondyla		Emery, 1869	Emery	1869	Cardiocondyla elegans		75	Present	https://www.antwiki.org/wiki/Cardiocondyla
Carebara	Myrmicinae	Crematogastrini	Carebara		Westwood, 1840	Westwood	1840	Carebara lignata		245	Present	https://www.antwiki.org/wiki/Carebara
Cataglyphis	Formicinae	Formicini	Cataglyphis		Foerster, 1850	Foerster	1850	Cataglyphis fairmairei	Formica bicolor	117	Present	https://www.antwiki.org/wiki/Cataglyphis
Cataulacus	Myrmicinae	Crematogastrini	Cataulacus		Smith, F., 1853	Smith, F.	1853	Cataulacus taprobanae		65	Present	https://www.antwiki.org/wiki/Cataulacus
Cautolasius	Formicinae	Lasiini	Lasius	Cautolasius	Wilson, 1955	Wilson	1955	Formica flava	Lasius flavus		Present	https://www.antwiki.org/wiki/Cautolasius
Centromyrmex	Ponerinae	Ponerini	Centromyrmex		Mayr, 1866	Mayr	1866	Centromyrmex bohemanni	Centromyrmex brachycola	17	Present	https://www.antwiki.org/wiki/Centromyrmex
Cephalotes	Myrmicinae	Attini	Cephalotes		Latreille, 1802	Latreille	1802	Formica atrata	Cephalotes atratus	119	Present	https://www.antwiki.org/wiki/Cephalotes
Cerapachys	Dorylinae		Cerapachys		Smith, F., 1857	Smith, F.	1857	Cerapachys antennatus		5	Present	https://www.antwiki.org/wiki/Cerapachys
Chariomyrma	Formicinae	Camponotini	Polyrhachis	Chariomyrma	Forel, 1915	Forel	1915	Polyrhachis guerini		69	Present	https://www.antwiki.org/wiki/Chariomyrma
Chelaner	Myrmicinae	Solenopsidini	Chelaner		Emery, 1914	Emery	1914	Monomorium forcipatum	Chelaner forcipatus	53	Present	https://www.antwiki.org/wiki/Chelaner
Cheliomyrmex	Dorylinae		Cheliomyrmex		Mayr, 1870	Mayr	1870	Cheliomyrmex nortoni	Cheliomyrmex morosus	4	Present	https://www.antwiki.org/wiki/Cheliomyrmex
Chimaeridris	Myrmicinae	Attini	Chimaeridris		Wilson, 1989	Wilson	1989	Chimaeridris boltoni		2	Present	https://www.antwiki.org/wiki/Chimaeridris
Chronoxenus	Dolichoderinae	Bothriomyrmecini	Chronoxenus		Santschi, 1919	Santschi	1919	Bothriomyrmex myops	Chronoxenus myops	9	Present	https://www.antwiki.org/wiki/Chronoxenus
Chrysapace	Dorylinae		Chrysapace		Crawley, 1924	Crawley	1924	Chrysapace jacobsoni		4	Present	https://www.antwiki.org/wiki/Chrysapace
Chthonolasius	Formicinae	Lasiini	Lasius	Chthonolasius	Ruzsky, 1912	Ruzsky	1912	Formica umbrata	Lasius umbratus		Present	https://www.antwiki.org/wiki/Chthonolasius
Cladomyrma	Formicinae	Lasiini	Cladomyrma		Wheeler, W.M., 1920	Wheeler, W.M.	1920	Aphomomyrmex hewitti	Cladomyrma hewitti	13	Present	https://www.antwiki.org/wiki/Cladomyrma
Colobopsis	Formicinae	Camponotini	Colobopsis		Mayr, 1861	Mayr	1861	Formica truncata	Colobopsis truncata	118	Present	https://www.antwiki.org/wiki/Colobopsis
Colobostruma	Myrmicinae	Attini	Colobostruma		Wheeler, W.M., 1927	Wheeler, W.M.	1927	Epopostruma (Colobostruma) leae	Colobostruma leae	16	Present	https://www.antwiki.org/wiki/Colobostruma
Condylodon	uncertain		Condylodon		Lund, 1831	Lund	1831	Condylodon audouini		1		https://www.antwiki.org/wiki/Condylodon
Crematogaster	Myrmicinae	Crematogastrini	Crematogaster		Lund, 1831	Lund	1831	Formica scutellaris	Crematogaster scutellaris	773	Present	https://www.antwiki.org/wiki/Crematogaster
Crematogaster (subgenus)	Myrmicinae	Crematogastrini	Crematogaster	Crematogaster	Lund, 1831	Lund	1831	Formica scutellaris	Crematogaster scutellaris	773	Present	https://www.antwiki.org/wiki/Crematogaster (subgenus)
Cryptomyrmex	Myrmicinae	Solenopsidini	Cryptomyrmex		Fernndez, 2004	Fernndez	2004	Adelomyrmex longinodus	Cryptomyrmex longinodus	2	Present	https://www.antwiki.org/wiki/Cryptomyrmex
Cryptopone	Ponerinae	Ponerini	Cryptopone		Emery, 1893	Emery	1893	Cryptopone testacea		26	Present	https://www.antwiki.org/wiki/Cryptopone
Cyatta	Myrmicinae	Attini	Cyatta		Sosa-Calvo, Schultz, Brando, Klingenberg, Feitosa, Rabeling, Bacci, Lopes, Heraldo & Vasconcelos, 2013	Sosa-Calvo, Schultz, Brando, Klingenberg, Feitosa, Rabeling, Bacci, Lopes, Heraldo & Vasconcelos	2013	Cyatta abscondita		1	Present	https://www.antwiki.org/wiki/Cyatta
Cylindromyrmex	Dorylinae		Cylindromyrmex		Mayr, 1870	Mayr	1870	Cylindromyrmex striatus		10	Present	https://www.antwiki.org/wiki/Cylindromyrmex
Cyphoidris	Myrmicinae	Crematogastrini	Cyphoidris		Weber, 1952	Weber	1952	Cyphoidris spinosa		4	Present	https://www.antwiki.org/wiki/Cyphoidris
Cyphomyrmex	Myrmicinae	Attini	Cyphomyrmex		Mayr, 1862	Mayr	1862	Cyphomyrmex minutus		23	Present	https://www.antwiki.org/wiki/Cyphomyrmex
Cyrtomyrma	Formicinae	Camponotini	Polyrhachis	Cyrtomyrma	Forel, 1915	Forel	1915	Formica rastellata	Polyrhachis rastellata	77	Present	https://www.antwiki.org/wiki/Cyrtomyrma
Dacatria	Myrmicinae	Crematogastrini	Dacatria		Rigato, 1994	Rigato	1994	Dacatria templaris		1	Present	https://www.antwiki.org/wiki/Dacatria
Dacetinops	Myrmicinae	Crematogastrini	Dacetinops		Brown & Wilson, 1957	Brown & Wilson	1957	Dacetinops cibdelus		7	Present	https://www.antwiki.org/wiki/Dacetinops
Daceton	Myrmicinae	Attini	Daceton		Perty, 1833	Perty	1833	Formica armigera	Daceton armigerum	2	Present	https://www.antwiki.org/wiki/Daceton
Dendrolasius	Formicinae	Lasiini	Lasius	Dendrolasius	Ruzsky, 1912	Ruzsky	1912	Formica fuliginosa	Lasius fuliginosus		Present	https://www.antwiki.org/wiki/Dendrolasius
Dendromyrmex	Formicinae	Camponotini	Camponotus	Dendromyrmex	Emery, 1895	Emery	1895	Formica chartifex	Camponotus chartifex		Present	https://www.antwiki.org/wiki/Dendromyrmex
Diacamma	Ponerinae	Ponerini	Diacamma		Mayr, 1862	Mayr	1862	Ponera rugosa		67	Present	https://www.antwiki.org/wiki/Diacamma
Diaphoromyrma	Myrmicinae	Attini	Diaphoromyrma		Fernndez, Delabie & do Nascimento, 2009	Fernndez, Delabie & do Nascimento	2009	Diaphoromyrma sofiae		1	Present	https://www.antwiki.org/wiki/Diaphoromyrma
Dicroaspis	Myrmicinae	Crematogastrini	Dicroaspis		Emery, 1908	Emery	1908	Dicroaspis cryptocera		2	Present	https://www.antwiki.org/wiki/Dicroaspis
Dilobocondyla	Myrmicinae	Crematogastrini	Dilobocondyla		Santschi, 1910	Santschi	1910	Atopomyrmex selebensis	Dilobocondyla selebensis	22	Present	https://www.antwiki.org/wiki/Dilobocondyla
Dinomyrmex	Formicinae	Camponotini	Dinomyrmex		Ashmead, 1905	Ashmead	1905	Formica gigas	Dinomyrmex gigas	2	Present	https://www.antwiki.org/wiki/Dinomyrmex
Dinoponera	Ponerinae	Ponerini	Dinoponera		Roger, 1861	Roger	1861	Ponera grandis	Dinoponera gigantea	10	Present	https://www.antwiki.org/wiki/Dinoponera
Diplomorium	Myrmicinae	Crematogastrini	Diplomorium		Mayr, 1901	Mayr	1901	Diplomorium longipenne		1	Present	https://www.antwiki.org/wiki/Diplomorium
Discothyrea	Proceratiinae	Proceratiini	Discothyrea		Roger, 1863	Roger	1863	Discothyrea testacea		49	Present	https://www.antwiki.org/wiki/Discothyrea
Doleromyrma	Dolichoderinae	Leptomyrmecini	Doleromyrma		Forel, 1907	Forel	1907	Tapinoma (Doleromyrma) darwiniana	Doleromyrma darwiniana	4	Present	https://www.antwiki.org/wiki/Doleromyrma
Dolichoderus	Dolichoderinae	Dolichoderini	Dolichoderus		Lund, 1831	Lund	1831	Formica attelaboides	Dolichoderus attelaboides	149	Present	https://www.antwiki.org/wiki/Dolichoderus
Dolioponera	Ponerinae	Ponerini	Dolioponera		Brown, 1974	Brown	1974	Dolioponera fustigera		1	Present	https://www.antwiki.org/wiki/Dolioponera
Dolopomyrmex	Myrmicinae	Solenopsidini	Dolopomyrmex		Cover & Deyrup, 2007	Cover & Deyrup	2007	Dolopomyrmex pilatus		1	Present	https://www.antwiki.org/wiki/Dolopomyrmex
Dorylus	Dorylinae		Dorylus		Fabricius, 1793	Fabricius	1793	Vespa helvola	Dorylus helvolus	127	Present	https://www.antwiki.org/wiki/Dorylus
Dorymyrmex	Dolichoderinae	Leptomyrmecini	Dorymyrmex		Mayr, 1866	Mayr	1866	Dorymyrmex flavescens		87	Present	https://www.antwiki.org/wiki/Dorymyrmex
Eburopone	Dorylinae		Eburopone		Borowiec, 2016	Borowiec	2016	Cerapachys wroughtoni	Eburopone wroughtoni	1	Present	https://www.antwiki.org/wiki/Eburopone
Echinopla	Formicinae	Camponotini	Echinopla		Smith, F., 1857	Smith, F.	1857	Echinopla melanarctos		39	Present	https://www.antwiki.org/wiki/Echinopla
Eciton	Dorylinae		Eciton		Latreille, 1804	Latreille	1804	Formica hamata	Eciton hamatum	29	Present	https://www.antwiki.org/wiki/Eciton
Ecphorella	Dolichoderinae	Tapinomini	Ecphorella		Forel, 1909	Forel	1909	Tapinoma (Ecphorella) wellmani	Ecphorella wellmani	1	Present	https://www.antwiki.org/wiki/Ecphorella
Ectatomma	Ectatomminae	Ectatommini	Ectatomma		Smith, F., 1858	Smith, F.	1858	Formica tuberculata	Ectatomma tuberculatum	15	Present	https://www.antwiki.org/wiki/Ectatomma
Ectomomyrmex	Ponerinae	Ponerini	Ectomomyrmex		Mayr, 1867	Mayr	1867	Ectomomyrmex javanus		31	Present	https://www.antwiki.org/wiki/Ectomomyrmex
Emeryopone	Ponerinae	Ponerini	Emeryopone		Forel, 1912	Forel	1912	Emeryopone buttelreepeni		5	Present	https://www.antwiki.org/wiki/Emeryopone
Epelysidris	Myrmicinae	Solenopsidini	Epelysidris		Bolton, 1987	Bolton	1987	Epelysidris brocha		1	Present	https://www.antwiki.org/wiki/Epelysidris
Epopostruma	Myrmicinae	Attini	Epopostruma		Forel, 1895	Forel	1895	Strumigenys (Epopostruma) quadrispinosa	Epopostruma quadrispinosa	19	Present	https://www.antwiki.org/wiki/Epopostruma
Erromyrma	Myrmicinae	Solenopsidini	Erromyrma		Bolton & Fisher, 2016	Bolton & Fisher	2016	Monomorium latinode	Erromyrma latinodis	2	Present	https://www.antwiki.org/wiki/Erromyrma
Euponera	Ponerinae	Ponerini	Euponera		Forel, 1891	Forel	1891	Ponera (Euponera) sikorae	Euponera sikorae	27	Present	https://www.antwiki.org/wiki/Euponera
Euprenolepis	Formicinae	Lasiini	Euprenolepis		Emery, 1906	Emery	1906	Prenolepis procera	Euprenolepis procera	8	Present	https://www.antwiki.org/wiki/Euprenolepis
Eurhopalothrix	Myrmicinae	Attini	Eurhopalothrix		Brown & Kempf, 1961	Brown & Kempf	1961	Rhopalothrix bolaui	Eurhopalothrix bolaui	53	Present	https://www.antwiki.org/wiki/Eurhopalothrix
Eusphinctus	Dorylinae		Eusphinctus		Emery, 1893	Emery	1893	Eusphinctus furcatus		2	Present	https://www.antwiki.org/wiki/Eusphinctus
Eutetramorium	Myrmicinae	Crematogastrini	Eutetramorium		Emery, 1899	Emery	1899	Eutetramorium mocquerysi		3	Present	https://www.antwiki.org/wiki/Eutetramorium
Feroponera	Ponerinae	Ponerini	Feroponera		Bolton & Fisher, 2008	Bolton & Fisher	2008	Feroponera ferox		1	Present	https://www.antwiki.org/wiki/Feroponera
Fisheropone	Ponerinae	Ponerini	Fisheropone		Schmidt & Shattuck, 2014	Schmidt & Shattuck	2014	Ponera ambigua	Fisheropone ambigua	1	Present	https://www.antwiki.org/wiki/Fisheropone
Forelius	Dolichoderinae	Leptomyrmecini	Forelius		Emery, 1888	Emery	1888	Iridomyrmex mccooki	Forelius mccooki	19	Present	https://www.antwiki.org/wiki/Forelius
Forelophilus	Formicinae	Camponotini	Camponotus	Forelophilus	Kutter, 1931	Kutter	1931	Forelophilus overbecki	Camponotus javaensis		Present	https://www.antwiki.org/wiki/Forelophilus
Formica	Formicinae	Formicini	Formica		Linnaeus, 1758	Linnaeus	1758	Formica rufa		280	Present	https://www.antwiki.org/wiki/Formica
Formicoxenus	Myrmicinae	Crematogastrini	Formicoxenus		Mayr, 1855	Mayr	1855	Myrmica nitidula	Formicoxenus nitidulus	7	Present	https://www.antwiki.org/wiki/Formicoxenus
Formosimyrma	Myrmicinae	Crematogastrini	Formosimyrma		Terayama, 2009	Terayama	2009	Formosimyrma lanyuensis		1	Present	https://www.antwiki.org/wiki/Formosimyrma
Froggattella	Dolichoderinae	Leptomyrmecini	Froggattella		Forel, 1902	Forel	1902	Acantholepis kirbii	Froggattella kirbii	2	Present	https://www.antwiki.org/wiki/Froggattella
Fulakora	Amblyoponinae	Amblyoponini	Fulakora		Mann, 1919	Mann	1919	Fulakora celata		25	Present	https://www.antwiki.org/wiki/Fulakora
Gaoligongidris	Myrmicinae	Crematogastrini	Gaoligongidris		Xu, Z., 2012	Xu, Z.	2012	Gaoligongidris planodorsa		1	Present	https://www.antwiki.org/wiki/Gaoligongidris
Gauromyrmex	Myrmicinae	Crematogastrini	Gauromyrmex		Menozzi, 1933	Menozzi	1933	Gauromyrmex bengkalisi		2	Present	https://www.antwiki.org/wiki/Gauromyrmex
Gesomyrmex	Formicinae	Gesomyrmecini	Gesomyrmex		Mayr, 1868	Mayr	1868	Gesomyrmex hoernesi		7	Present	https://www.antwiki.org/wiki/Gesomyrmex
Gigantiops	Formicinae	Gigantiopini	Gigantiops		Roger, 1863	Roger	1863	Formica destructor	Gigantiops destructor	1	Present	https://www.antwiki.org/wiki/Gigantiops
Gnamptogenys	Ectatomminae	Ectatommini	Gnamptogenys		Roger, 1863	Roger	1863	Ponera tornata	Gnamptogenys sulcata	144	Present	https://www.antwiki.org/wiki/Gnamptogenys
Goniomma	Myrmicinae	Stenammini	Goniomma		Emery, 1895	Emery	1895	Aphaenogaster blanci	Goniomma collingwoodi	10	Present	https://www.antwiki.org/wiki/Goniomma
Gracilidris	Dolichoderinae	Leptomyrmecini	Gracilidris		Wild & Cuezzo, 2006	Wild & Cuezzo	2006	Gracilidris pombero		1	Present	https://www.antwiki.org/wiki/Gracilidris
Hagensia	Ponerinae	Ponerini	Hagensia		Forel, 1901	Forel	1901	Megaloponera (sic) (Hagensia) havilandi	Hagensia havilandi	6	Present	https://www.antwiki.org/wiki/Hagensia
Hagiomyrma	Formicinae	Camponotini	Polyrhachis	Hagiomyrma	Wheeler, W.M., 1911	Wheeler, W.M.	1911	Formica ammon	Polyrhachis ammon	48	Present	https://www.antwiki.org/wiki/Hagiomyrma
Harpagoxenus	Myrmicinae	Crematogastrini	Harpagoxenus		Forel, 1893	Forel	1893	Myrmica sublaevis	Harpagoxenus sublaevis	4	Present	https://www.antwiki.org/wiki/Harpagoxenus
Harpegnathos	Ponerinae	Ponerini	Harpegnathos		Jerdon, 1851	Jerdon	1851	Harpegnathos saltator		13	Present	https://www.antwiki.org/wiki/Harpegnathos
Hedomyrma	Formicinae	Camponotini	Polyrhachis	Hedomyrma	Forel, 1915	Forel	1915	Polyrhachis ornata		33	Present	https://www.antwiki.org/wiki/Hedomyrma
Hemioptica	Formicinae	Camponotini	Polyrhachis	Hemioptica	Roger, 1862	Roger	1862	Hemioptica scissa	Polyrhachis scissa	3	Present	https://www.antwiki.org/wiki/Hemioptica
Heteroponera	Heteroponerinae		Heteroponera		Mayr, 1887	Mayr	1887	Heteroponera carinifrons		28	Present	https://www.antwiki.org/wiki/Heteroponera
Hirtomyrma	Formicinae	Camponotini	Polyrhachis	Hirtomyrma	Kohout, 2010	Kohout	2010	Polyrhachis hirta		10	Present	https://www.antwiki.org/wiki/Hirtomyrma
Huberia	Myrmicinae	Crematogastrini	Huberia		Forel, 1890	Forel	1890	Tetramorium striatum	Huberia striata	2	Present	https://www.antwiki.org/wiki/Huberia
Hylomyrma	Myrmicinae	Pogonomyrmecini	Hylomyrma		Forel, 1912	Forel	1912	Pogonomyrmex (Hylomyrma) columbicus	Hylomyrma columbica	16	Present	https://www.antwiki.org/wiki/Hylomyrma
Hypercolobopsis	Formicinae	Camponotini	Camponotus	Hypercolobopsis	Emery, 1920	Emery	1920	Colobopsis paradoxa	Camponotus paradoxus		Present	https://www.antwiki.org/wiki/Hypercolobopsis
Hypochira	uncertain		Hypochira		Buckley, 1866	Buckley	1866	Formica subspinosa				https://www.antwiki.org/wiki/Hypochira
Hypoponera	Ponerinae	Ponerini	Hypoponera		Santschi, 1938	Santschi	1938	Ponera abeillei	Hypoponera abeillei	177	Present	https://www.antwiki.org/wiki/Hypoponera
Iberoformica	Formicinae	Formicini	Iberoformica		Tinaut, 1990	Tinaut	1990	Formica subrufa	Iberoformica subrufa	1	Present	https://www.antwiki.org/wiki/Iberoformica
Indomyrma	Myrmicinae	Crematogastrini	Indomyrma		Brown, 1986	Brown	1986	Indomyrma dasypyx		2	Present	https://www.antwiki.org/wiki/Indomyrma
Iridomyrmex	Dolichoderinae	Leptomyrmecini	Iridomyrmex		Mayr, 1862	Mayr	1862	Formica detecta	Iridomyrmex purpureus	80	Present	https://www.antwiki.org/wiki/Iridomyrmex
Iroponera	Ponerinae	Ponerini	Iroponera		Schmidt & Shattuck, 2014	Schmidt & Shattuck	2014	Iroponera odax		1	Present	https://www.antwiki.org/wiki/Iroponera
Ishakidris	Myrmicinae	Attini	Ishakidris		Bolton, 1984	Bolton	1984	Ishakidris ascitaspis		1	Present	https://www.antwiki.org/wiki/Ishakidris
Kalathomyrmex	Myrmicinae	Attini	Kalathomyrmex		Klingenberg & Brando, 2009	Klingenberg & Brando	2009	Myrmicocrypta emeryi	Kalathomyrmex emeryi	1	Present	https://www.antwiki.org/wiki/Kalathomyrmex
Karavaievia	Formicinae	Camponotini	Camponotus	Karavaievia	Emery, 1925	Emery	1925	Camponotus exsectus			Present	https://www.antwiki.org/wiki/Karavaievia
Kartidris	Myrmicinae	Crematogastrini	Kartidris		Bolton, 1991	Bolton	1991	Kartidris nyos		6	Present	https://www.antwiki.org/wiki/Kartidris
Kempfidris	Myrmicinae	Solenopsidini	Kempfidris		Fernndez, Feitosa & Lattke, 2014	Fernndez, Feitosa & Lattke	2014	Monomorium inusuale	Kempfidris inusualis	1	Present	https://www.antwiki.org/wiki/Kempfidris
Labidus	Dorylinae		Labidus		Jurine, 1807	Jurine	1807	Labidus latreillii	Labidus coecus	9	Present	https://www.antwiki.org/wiki/Labidus
Lachnomyrmex	Myrmicinae	Attini	Lachnomyrmex		Wheeler, W.M., 1910	Wheeler, W.M.	1910	Lachnomyrmex scrobiculatus		16	Present	https://www.antwiki.org/wiki/Lachnomyrmex
Lasiomyrma	Myrmicinae	Crematogastrini	Lasiomyrma		Terayama & Yamane, 2000	Terayama & Yamane	2000	Lasiomyrma gedensis		4	Present	https://www.antwiki.org/wiki/Lasiomyrma
Lasiophanes	Formicinae	Melophorini	Lasiophanes		Emery, 1895	Emery	1895	Formica nigriventris, see Lasiophanes atriventris		6	Present	https://www.antwiki.org/wiki/Lasiophanes
Lasius	Formicinae	Lasiini	Lasius		Fabricius, 1804	Fabricius	1804	Formica nigra		141	Present	https://www.antwiki.org/wiki/Lasius
Lasius (subgenus)	Formicinae	Lasiini	Lasius	Lasius	Fabricius, 1804	Fabricius	1804	Formica nigra		141		https://www.antwiki.org/wiki/Lasius (subgenus)
Lenomyrmex	Myrmicinae	Attini	Lenomyrmex		Fernndez & Palacio, 1999	Fernndez & Palacio	1999	Lenomyrmex mandibularis		7	Present	https://www.antwiki.org/wiki/Lenomyrmex
Lepisiota	Formicinae	Plagiolepidini	Lepisiota		Santschi, 1926	Santschi	1926	Plagiolepis rothneyi	Lepisiota rothneyi	137	Present	https://www.antwiki.org/wiki/Lepisiota
Lepisiota (subgenus)	Formicinae	Plagiolepidini	Lepisiota	Lepisiota	Santschi, 1926	Santschi	1926	Plagiolepis rothneyi	Lepisiota rothneyi	137		https://www.antwiki.org/wiki/Lepisiota (subgenus)
Leptanilla	Leptanillinae	Leptanillini	Leptanilla		Emery, 1870	Emery	1870	Leptanilla revelierii		47	Present	https://www.antwiki.org/wiki/Leptanilla
Leptanilloides	Dorylinae		Leptanilloides		Mann, 1923	Mann	1923	Leptanilloides biconstrictus		19	Present	https://www.antwiki.org/wiki/Leptanilloides
Leptogenys	Ponerinae	Ponerini	Leptogenys		Roger, 1861	Roger	1861	Leptogenys falcigera		329	Present	https://www.antwiki.org/wiki/Leptogenys
Leptomyrmex	Dolichoderinae	Leptomyrmecini	Leptomyrmex		Mayr, 1862	Mayr	1862	Formica erythrocephalus	Leptomyrmex erythrocephalus	28	Present	https://www.antwiki.org/wiki/Leptomyrmex
Leptothorax	Myrmicinae	Crematogastrini	Leptothorax		Mayr, 1855	Mayr	1855	Formica acervorum	Leptothorax acervorum	20	Present	https://www.antwiki.org/wiki/Leptothorax
Linepithema	Dolichoderinae	Leptomyrmecini	Linepithema		Mayr, 1866	Mayr	1866	Linepithema fuscum		21	Present	https://www.antwiki.org/wiki/Linepithema
Liometopum	Dolichoderinae	Tapinomini	Liometopum		Mayr, 1861	Mayr	1861	Formica microcephala	Liometopum microcephalum	7	Present	https://www.antwiki.org/wiki/Liometopum
Liomyrmex	Myrmicinae	Crematogastrini	Liomyrmex		Mayr, 1865	Mayr	1865	Myrmica caeca	Liomyrmex gestroi	1	Present	https://www.antwiki.org/wiki/Liomyrmex
Lioponera	Dorylinae		Lioponera		Mayr, 1879	Mayr	1879	Lioponera longitarsus		76	Present	https://www.antwiki.org/wiki/Lioponera
Lividopone	Dorylinae		Lividopone		Bolton & Fisher, 2016	Bolton & Fisher	2016	Cerapachys lividus	Lividopone livida	1	Present	https://www.antwiki.org/wiki/Lividopone
Loboponera	Ponerinae	Ponerini	Loboponera		Bolton & Brown, 2002	Bolton & Brown	2002	Loboponera vigilans		9	Present	https://www.antwiki.org/wiki/Loboponera
Lophomyrmex	Myrmicinae	Crematogastrini	Lophomyrmex		Emery, 1892	Emery	1892	Oecodoma quadrispinosa	Lophomyrmex quadrispinosus	13	Present	https://www.antwiki.org/wiki/Lophomyrmex
Lordomyrma	Myrmicinae	Crematogastrini	Lordomyrma		Emery, 1897	Emery	1897	Lordomyrma furcifera		34	Present	https://www.antwiki.org/wiki/Lordomyrma
Loweriella	Dolichoderinae	Bothriomyrmecini	Loweriella		Shattuck, 1992	Shattuck	1992	Loweriella boltoni		1	Present	https://www.antwiki.org/wiki/Loweriella
Malagidris	Myrmicinae	Crematogastrini	Malagidris		Bolton & Fisher, 2014	Bolton & Fisher	2014	Aphaenogaster belti	Malagidris belti	6	Present	https://www.antwiki.org/wiki/Malagidris
Manica	Myrmicinae	Myrmicini	Manica		Jurine, 1807	Jurine	1807	Formica rubida	Manica rubida	6	Present	https://www.antwiki.org/wiki/Manica
Manniella	Formicinae	Camponotini	Camponotus	Manniella	Wheeler, W.M., 1921	Wheeler, W.M.	1921	Camponotus sphaericus				https://www.antwiki.org/wiki/Manniella
Martialis	Martialinae		Martialis		Rabeling & Verhaagh, 2008	Rabeling & Verhaagh	2008	Martialis heureka		1	Present	https://www.antwiki.org/wiki/Martialis
Mayaponera	Ponerinae	Ponerini	Mayaponera		Schmidt & Shattuck, 2014	Schmidt & Shattuck	2014	Ponera constricta	Mayaponera constricta	7	Present	https://www.antwiki.org/wiki/Mayaponera
Mayria	Formicinae	Camponotini	Camponotus	Mayria	Forel, 1878	Forel	1878	Camponotus repens			Present	https://www.antwiki.org/wiki/Mayria
Mayriella	Myrmicinae	Crematogastrini	Mayriella		Forel, 1902	Forel	1902	Mayriella abstinens		9	Present	https://www.antwiki.org/wiki/Mayriella
Megalomyrmex	Myrmicinae	Solenopsidini	Megalomyrmex		Forel, 1885	Forel	1885	Megalomyrmex leoninus		45	Present	https://www.antwiki.org/wiki/Megalomyrmex
Megaponera	Ponerinae	Ponerini	Megaponera		Mayr, 1862	Mayr	1862	Formica foetens	Megaponera analis	6	Present	https://www.antwiki.org/wiki/Megaponera
Melissotarsus	Myrmicinae	Crematogastrini	Melissotarsus		Emery, 1877	Emery	1877	Melissotarsus beccarii		4	Present	https://www.antwiki.org/wiki/Melissotarsus
Melophorus	Formicinae	Melophorini	Melophorus		Lubbock, 1883	Lubbock	1883	Melophorus bagoti		92	Present	https://www.antwiki.org/wiki/Melophorus
Meranoplus	Myrmicinae	Crematogastrini	Meranoplus		Smith, F., 1853	Smith, F.	1853	Cryptocerus bicolor	Meranoplus bicolor	91	Present	https://www.antwiki.org/wiki/Meranoplus
Mesoponera	Ponerinae	Ponerini	Mesoponera		Emery, 1900	Emery	1900	Ponera melanaria	Mesoponera melanaria	27	Present	https://www.antwiki.org/wiki/Mesoponera
Mesostruma	Myrmicinae	Attini	Mesostruma		Brown, 1948	Brown	1948	Strumigenys (Epopostruma) turneri	Mesostruma turneri	9	Present	https://www.antwiki.org/wiki/Mesostruma
Messor	Myrmicinae	Stenammini	Messor		Forel, 1890	Forel	1890	Formica barbara	Messor barbarus	163	Present	https://www.antwiki.org/wiki/Messor
Metapone	Myrmicinae	Crematogastrini	Metapone		Forel, 1911	Forel	1911	Metapone greeni		31	Present	https://www.antwiki.org/wiki/Metapone
Microdaceton	Myrmicinae	Attini	Microdaceton		Santschi, 1913	Santschi	1913	Microdaceton exornatum		4	Present	https://www.antwiki.org/wiki/Microdaceton
Moellerius	Myrmicinae	Attini	Acromyrmex	Moellerius	Forel, 1893	Forel	1893	Atta (Acromyrmex) landolti	Acromyrmex landolti		Present	https://www.antwiki.org/wiki/Moellerius
Monomorium	Myrmicinae	Solenopsidini	Monomorium		Mayr, 1855	Mayr	1855	Monomorium minutum	Monomorium monomorium	319	Present	https://www.antwiki.org/wiki/Monomorium
Myagroteras	Formicinae	Myrmoteratini	Myrmoteras	Myagroteras	Moffett, 1985	Moffett	1985	Myrmoteras donisthorpei			Present	https://www.antwiki.org/wiki/Myagroteras
Mycetagroicus	Myrmicinae	Attini	Mycetagroicus		Brando & Mayh-Nunes, 2001	Brando & Mayh-Nunes	2001	Mycetagroicus cerradensis		4	Present	https://www.antwiki.org/wiki/Mycetagroicus
Mycetarotes	Myrmicinae	Attini	Mycetarotes		Emery, 1913	Emery	1913	Cyphomyrmex parallelus	Mycetarotes parallelus	4	Present	https://www.antwiki.org/wiki/Mycetarotes
Mycetomoellerius	Myrmicinae	Attini	Mycetomoellerius		Solomon, Rabeling, Sosa-Calvo & Schultz, 2019	Solomon, Rabeling, Sosa-Calvo & Schultz	2019	Atta iheringi	Mycetomoellerius iheringi	30		https://www.antwiki.org/wiki/Mycetomoellerius
Mycetophylax	Myrmicinae	Attini	Mycetophylax		Emery, 1913	Emery	1913	Myrmicocrypta brittoni	Mycetophylax conformis	21	Present	https://www.antwiki.org/wiki/Mycetophylax
Mycetosoritis	Myrmicinae	Attini	Mycetosoritis		Wheeler, W.M., 1907	Wheeler, W.M.	1907	Atta (Mycetosoritis) hartmanni	Mycetosoritis hartmanni	2	Present	https://www.antwiki.org/wiki/Mycetosoritis
Mycocepurus	Myrmicinae	Attini	Mycocepurus		Forel, 1893	Forel	1893	Atta (Mycocepurus) smithii	Mycocepurus smithii	6	Present	https://www.antwiki.org/wiki/Mycocepurus
Myopias	Ponerinae	Ponerini	Myopias		Roger, 1861	Roger	1861	Myopias amblyops		48	Present	https://www.antwiki.org/wiki/Myopias
Myopopone	Amblyoponinae	Amblyoponini	Myopopone		Roger, 1861	Roger	1861	Myopopone maculata	Myopopone castanea	1	Present	https://www.antwiki.org/wiki/Myopopone
Myrcidris	Pseudomyrmecinae		Myrcidris		Ward, 1990	Ward	1990	Myrcidris epicharis		1	Present	https://www.antwiki.org/wiki/Myrcidris
Myrma	Formicinae	Camponotini	Polyrhachis	Myrma	Billberg, 1820	Billberg	1820	Formica militaris	Polyrhachis militaris	186	Present	https://www.antwiki.org/wiki/Myrma
Myrmacrhaphe	Formicinae	Camponotini	Camponotus	Myrmacrhaphe	Santschi, 1926	Santschi	1926	Camponotus conradti			Present	https://www.antwiki.org/wiki/Myrmacrhaphe
Myrmamblys	Formicinae	Camponotini	Camponotus	Myrmamblys	Forel, 1912	Forel	1912	Camponotus reticulatus		9	Present	https://www.antwiki.org/wiki/Myrmamblys
Myrmaphaenus	Formicinae	Camponotini	Camponotus	Myrmaphaenus	Emery, 1920	Emery	1920	Camponotus leydigi			Present	https://www.antwiki.org/wiki/Myrmaphaenus
Myrmatopa	Formicinae	Camponotini	Polyrhachis	Myrmatopa	Forel, 1915	Forel	1915	Polyrhachis schang		47	Present	https://www.antwiki.org/wiki/Myrmatopa
Myrmecia	Myrmeciinae	Myrmeciini	Myrmecia		Fabricius, 1804	Fabricius	1804	Formica gulosa	Myrmecia gulosa	93	Present	https://www.antwiki.org/wiki/Myrmecia
Myrmecina	Myrmicinae	Crematogastrini	Myrmecina		Curtis, 1829	Curtis	1829	Myrmecina latreillii	Myrmecina graminicola	99	Present	https://www.antwiki.org/wiki/Myrmecina
Myrmecocystus	Formicinae	Lasiini	Myrmecocystus		Wesmael, 1838	Wesmael	1838	Myrmecocystus mexicanus		30	Present	https://www.antwiki.org/wiki/Myrmecocystus
Myrmecorhynchus	Formicinae	Melophorini	Myrmecorhynchus		Andr, 1896	Andr	1896	Myrmecorhynchus emeryi		3	Present	https://www.antwiki.org/wiki/Myrmecorhynchus
Myrmelachista	Formicinae	Myrmelachistini	Myrmelachista		Roger, 1863	Roger	1863	Myrmelachista kraatzii		69	Present	https://www.antwiki.org/wiki/Myrmelachista
Myrmentoma	Formicinae	Camponotini	Camponotus	Myrmentoma	Forel, 1912	Forel	1912	Formica lateralis	Camponotus lateralis	7	Present	https://www.antwiki.org/wiki/Myrmentoma
Myrmepinotus	Formicinae	Camponotini	Camponotus	Myrmepinotus	Santschi, 1921	Santschi	1921	Camponotus echinoploides			Present	https://www.antwiki.org/wiki/Myrmepinotus
Myrmepomis	Formicinae	Camponotini	Camponotus	Myrmepomis	Forel, 1912	Forel	1912	Formica sericeiventris	Camponotus sericeiventris		Present	https://www.antwiki.org/wiki/Myrmepomis
Myrmespera	Formicinae	Camponotini	Camponotus	Myrmespera	Santschi, 1926	Santschi	1926	Camponotus debellator			Present	https://www.antwiki.org/wiki/Myrmespera
Myrmeurynota	Formicinae	Camponotini	Camponotus	Myrmeurynota	Forel, 1912	Forel	1912	Camponotus eurynotus				https://www.antwiki.org/wiki/Myrmeurynota
Myrmhopla	Formicinae	Camponotini	Polyrhachis	Myrmhopla	Forel, 1915	Forel	1915	Formica armata	Polyrhachis armata	166	Present	https://www.antwiki.org/wiki/Myrmhopla
Myrmica	Myrmicinae	Myrmicini	Myrmica		Latreille, 1804	Latreille	1804	Formica rubra	Myrmica rubra	210	Present	https://www.antwiki.org/wiki/Myrmica
Myrmicaria	Myrmicinae	Solenopsidini	Myrmicaria		Saunders, W.W., 1842	Saunders, W.W.	1842	Myrmicaria brunnea		71	Present	https://www.antwiki.org/wiki/Myrmicaria
Myrmicocrypta	Myrmicinae	Attini	Myrmicocrypta		Smith, F., 1860	Smith, F.	1860	Myrmicocrypta squamosa		31	Present	https://www.antwiki.org/wiki/Myrmicocrypta
Myrmisolepis	Formicinae	Camponotini	Camponotus	Myrmisolepis	Santschi, 1921	Santschi	1921	Camponotus braunsi epinotalis			Present	https://www.antwiki.org/wiki/Myrmisolepis
Myrmobrachys	Formicinae	Camponotini	Camponotus	Myrmobrachys	Forel, 1912	Forel	1912	Formica senex	Camponotus senex		Present	https://www.antwiki.org/wiki/Myrmobrachys
Myrmocladoecus	Formicinae	Camponotini	Camponotus	Myrmocladoecus	Wheeler, W.M., 1921	Wheeler, W.M.	1921	Camponotus latangulus			Present	https://www.antwiki.org/wiki/Myrmocladoecus
Myrmodirachis	Formicinae	Camponotini	Camponotus	Myrmodirachis	Emery, 1925	Emery	1925	Camponotus heathi			Present	https://www.antwiki.org/wiki/Myrmodirachis
Myrmomalis	Formicinae	Camponotini	Camponotus	Myrmomalis	Forel, 1914	Forel	1914	Camponotus depressus			Present	https://www.antwiki.org/wiki/Myrmomalis
Myrmonesites	Formicinae	Camponotini	Camponotus	Myrmonesites	Emery, 1920	Emery	1920	Camponotus putatus			Present	https://www.antwiki.org/wiki/Myrmonesites
Myrmopalpella	Formicinae	Camponotini	Camponotus	Myrmopalpella	Strcke, 1934	Strcke	1934	Camponotus megalonyx			Present	https://www.antwiki.org/wiki/Myrmopalpella
Myrmopelta	Formicinae	Camponotini	Camponotus	Myrmopelta	Santschi, 1921	Santschi	1921	Camponotus arminius			Present	https://www.antwiki.org/wiki/Myrmopelta
Myrmophyma	Formicinae	Camponotini	Camponotus	Myrmophyma	Forel, 1912	Forel	1912	Camponotus capito			Present	https://www.antwiki.org/wiki/Myrmophyma
Myrmopiromis	Formicinae	Camponotini	Camponotus	Myrmopiromis	Wheeler, W.M., 1921	Wheeler, W.M.	1921	Formica fulvopilosa	Camponotus fulvopilosus		Present	https://www.antwiki.org/wiki/Myrmopiromis
Myrmoplatypus	Formicinae	Camponotini	Camponotus	Myrmoplatypus	Santschi, 1921	Santschi	1921	Camponotus platytarsus				https://www.antwiki.org/wiki/Myrmoplatypus
Myrmoplatys	Formicinae	Camponotini	Camponotus	Myrmoplatys	Forel, 1916	Forel	1916	Camponotus korthalsiae			Present	https://www.antwiki.org/wiki/Myrmoplatys
Myrmopsamma	Formicinae	Camponotini	Camponotus	Myrmopsamma	Forel, 1914	Forel	1914	Camponotus mystaceus			Present	https://www.antwiki.org/wiki/Myrmopsamma
Myrmopytia	Formicinae	Camponotini	Camponotus	Myrmopytia	Emery, 1920	Emery	1920	Camponotus imitator			Present	https://www.antwiki.org/wiki/Myrmopytia
Myrmosaulus	Formicinae	Camponotini	Camponotus	Myrmosaulus	Wheeler, W.M., 1921	Wheeler, W.M.	1921	Formica cinerascens	Camponotus cinerascens			https://www.antwiki.org/wiki/Myrmosaulus
Myrmosericus	Formicinae	Camponotini	Camponotus	Myrmosericus	Forel, 1912	Forel	1912	Formica rufoglauca	Camponotus rufoglaucus		Present	https://www.antwiki.org/wiki/Myrmosericus
Myrmosphincta	Formicinae	Camponotini	Camponotus	Myrmosphincta	Forel, 1912	Forel	1912	Formica sexguttata	Camponotus sexguttatus		Present	https://www.antwiki.org/wiki/Myrmosphincta
Myrmostenus	Formicinae	Camponotini	Camponotus	Myrmostenus	Emery, 1920	Emery	1920	Camponotus mirabilis			Present	https://www.antwiki.org/wiki/Myrmostenus
Myrmotarsus	Formicinae	Camponotini	Camponotus	Myrmotarsus	Forel, 1912	Forel	1912	Formica mistura	Camponotus misturus		Present	https://www.antwiki.org/wiki/Myrmotarsus
Myrmotemnus	Formicinae	Camponotini	Camponotus	Myrmotemnus	Emery, 1920	Emery	1920	Camponotus moeschi			Present	https://www.antwiki.org/wiki/Myrmotemnus
Myrmoteras	Formicinae	Myrmoteratini	Myrmoteras		Forel, 1893	Forel	1893	Myrmoteras binghamii		41	Present	https://www.antwiki.org/wiki/Myrmoteras
Myrmoteras (subgenus)	Formicinae	Myrmoteratini	Myrmoteras	Myrmoteras	Mayr, 1861	Mayr	1861	Myrmoteras binghamii		41		https://www.antwiki.org/wiki/Myrmoteras (subgenus)
Myrmothrinax	Formicinae	Camponotini	Polyrhachis	Myrmothrinax	Forel, 1915	Forel	1915	Polyrhachis thrinax		35	Present	https://www.antwiki.org/wiki/Myrmothrinax
Myrmothrix	Formicinae	Camponotini	Camponotus	Myrmothrix	Forel, 1912	Forel	1912	Formica abdominalis	Camponotus atriceps		Present	https://www.antwiki.org/wiki/Myrmothrix
Myrmotrema	Formicinae	Camponotini	Camponotus	Myrmotrema	Forel, 1912	Forel	1912	Camponotus foraminosus			Present	https://www.antwiki.org/wiki/Myrmotrema
Myrmoxygenys	Formicinae	Camponotini	Camponotus	Myrmoxygenys	Emery, 1925	Emery	1925	Camponotus caesar			Present	https://www.antwiki.org/wiki/Myrmoxygenys
Mystrium	Amblyoponinae	Amblyoponini	Mystrium		Roger, 1862	Roger	1862	Mystrium mysticum		14	Present	https://www.antwiki.org/wiki/Mystrium
Nebothriomyrmex	Dolichoderinae	Leptomyrmecini	Nebothriomyrmex		Dubovikov, 2004	Dubovikov	2004	Nebothriomyrmex majeri		1	Present	https://www.antwiki.org/wiki/Nebothriomyrmex
Neivamyrmex	Dorylinae		Neivamyrmex		Borgmeier, 1940	Borgmeier	1940	Eciton schmitti	Neivamyrmex nigrescens	129	Present	https://www.antwiki.org/wiki/Neivamyrmex
Neocerapachys	Dorylinae		Neocerapachys		Borowiec, 2016	Borowiec	2016	Cerapachys (Cerapachys) neotropicus	Neocerapachys neotropicus	2	Present	https://www.antwiki.org/wiki/Neocerapachys
Neoponera	Ponerinae	Ponerini	Neoponera		Emery, 1901	Emery	1901	Formica villosa	Neoponera villosa	57	Present	https://www.antwiki.org/wiki/Neoponera
Nesomyrmex	Myrmicinae	Crematogastrini	Nesomyrmex		Wheeler, W.M., 1910	Wheeler, W.M.	1910	Nesomyrmex clavipilis		84	Present	https://www.antwiki.org/wiki/Nesomyrmex
Nomamyrmex	Dorylinae		Nomamyrmex		Borgmeier, 1936	Borgmeier	1936	Eciton crassicornis	Nomamyrmex esenbeckii	2	Present	https://www.antwiki.org/wiki/Nomamyrmex
Noonilla	Leptanillinae	Leptanillini	Noonilla		Petersen, 1968	Petersen	1968	Noonilla copiosa		1	Present	https://www.antwiki.org/wiki/Noonilla
Nothomyrmecia	Myrmeciinae	Prionomyrmecini	Nothomyrmecia		Clark, 1934	Clark	1934	Nothomyrmecia macrops		1	Present	https://www.antwiki.org/wiki/Nothomyrmecia
Notoncus	Formicinae	Melophorini	Notoncus		Emery, 1895	Emery	1895	Camponotus ectatommoides	Notoncus ectatommoides	6	Present	https://www.antwiki.org/wiki/Notoncus
Notostigma	Formicinae	Melophorini	Notostigma		Emery, 1920	Emery	1920	Camponotus carazzii	Notostigma carazzii	2	Present	https://www.antwiki.org/wiki/Notostigma
Novomessor	Myrmicinae	Stenammini	Novomessor		Emery, 1915	Emery	1915	Aphaenogaster cockerelli	Novomessor cockerelli	3	Present	https://www.antwiki.org/wiki/Novomessor
Nylanderia	Formicinae	Lasiini	Nylanderia		Emery, 1906	Emery	1906	Formica vividula	Nylanderia vividula	149	Present	https://www.antwiki.org/wiki/Nylanderia
Ochetellus	Dolichoderinae	Leptomyrmecini	Ochetellus		Shattuck, 1992	Shattuck	1992	Hypoclinea glabra	Ochetellus glaber	10	Present	https://www.antwiki.org/wiki/Ochetellus
Ochetomyrmex	Myrmicinae	Attini	Ochetomyrmex		Mayr, 1878	Mayr	1878	Ochetomyrmex semipolitus		2	Present	https://www.antwiki.org/wiki/Ochetomyrmex
Octostruma	Myrmicinae	Attini	Octostruma		Forel, 1912	Forel	1912	Rhopalothrix simoni	Octostruma iheringi	34	Present	https://www.antwiki.org/wiki/Octostruma
Ocymyrmex	Myrmicinae	Crematogastrini	Ocymyrmex		Emery, 1886	Emery	1886	Ocymyrmex barbiger		34	Present	https://www.antwiki.org/wiki/Ocymyrmex
Odontomachus	Ponerinae	Ponerini	Odontomachus		Latreille, 1804	Latreille	1804	Formica haematodus	Odontomachus haematodus	76	Present	https://www.antwiki.org/wiki/Odontomachus
Odontoponera	Ponerinae	Ponerini	Odontoponera		Mayr, 1862	Mayr	1862	Ponera denticulata	Odontoponera denticulata	4	Present	https://www.antwiki.org/wiki/Odontoponera
Oecophylla	Formicinae	Oecophyllini	Oecophylla		Smith, F., 1860	Smith, F.	1860	Formica virescens	Oecophylla smaragdina	15	Present	https://www.antwiki.org/wiki/Oecophylla
Onychomyrmex	Amblyoponinae	Amblyoponini	Onychomyrmex		Emery, 1895	Emery	1895	Onychomyrmex hedleyi		4	Present	https://www.antwiki.org/wiki/Onychomyrmex
Ooceraea	Dorylinae		Ooceraea		Roger, 1862	Roger	1862	Ooceraea fragosa		16	Present	https://www.antwiki.org/wiki/Ooceraea
Opamyrma	Leptanillinae		Opamyrma		Yamane, Bui & Eguchi, 2008	Yamane, Bui & Eguchi	2008	Opamyrma hungvuong		1	Present	https://www.antwiki.org/wiki/Opamyrma
Ophthalmopone	Ponerinae	Ponerini	Ophthalmopone		Forel, 1890	Forel	1890	Ophthalmopone berthoudi		6	Present	https://www.antwiki.org/wiki/Ophthalmopone
Opisthopsis	Formicinae	Camponotini	Opisthopsis		Dalla Torre, 1893	Dalla Torre	1893	Formica (Myrmecopsis) respiciens	Opisthopsis respiciens	20	Present	https://www.antwiki.org/wiki/Opisthopsis
Orectognathus	Myrmicinae	Attini	Orectognathus		Smith, F., 1853	Smith, F.	1853	Orectognathus antennatus		29	Present	https://www.antwiki.org/wiki/Orectognathus
Orthocrema	Myrmicinae	Crematogastrini	Crematogaster	Orthocrema	Santschi, 1918	Santschi	1918	Myrmica sordidula	Crematogaster sordidula		Present	https://www.antwiki.org/wiki/Orthocrema
Orthonotomyrmex	Formicinae	Camponotini	Camponotus	Orthonotomyrmex	Ashmead, 1906	Ashmead	1906	Formica sericea	Camponotus sericeus		Present	https://www.antwiki.org/wiki/Orthonotomyrmex
Overbeckia	Formicinae	Camponotini	Overbeckia		Viehmeyer, 1916	Viehmeyer	1916	Overbeckia subclavata		1	Present	https://www.antwiki.org/wiki/Overbeckia
Oxyepoecus	Myrmicinae	Solenopsidini	Oxyepoecus		Santschi, 1926	Santschi	1926	Oxyepoecus bruchi		21	Present	https://www.antwiki.org/wiki/Oxyepoecus
Oxyopomyrmex	Myrmicinae	Stenammini	Oxyopomyrmex		Andr, 1881	Andr	1881	Oxyopomyrmex oculatus		12	Present	https://www.antwiki.org/wiki/Oxyopomyrmex
Pachycondyla	Ponerinae	Ponerini	Pachycondyla		Smith, F., 1858	Smith, F.	1858	Formica crassinoda	Pachycondyla crassinoda	17	Present	https://www.antwiki.org/wiki/Pachycondyla
Paltothyreus	Ponerinae	Ponerini	Paltothyreus		Mayr, 1862	Mayr	1862	Formica tarsata	Paltothyreus tarsatus	7	Present	https://www.antwiki.org/wiki/Paltothyreus
Papyrius	Dolichoderinae	Leptomyrmecini	Papyrius		Shattuck, 1992	Shattuck	1992	Iridomyrmex nitida	Papyrius nitidus	5	Present	https://www.antwiki.org/wiki/Papyrius
Paramycetophylax	Myrmicinae	Attini	Paramycetophylax		Kusnezov, 1956	Kusnezov	1956	Sericomyrmex bruchi	Paramycetophylax bruchi	1	Present	https://www.antwiki.org/wiki/Paramycetophylax
Paramyrmamblys	Formicinae	Camponotini	Camponotus	Paramyrmamblys	Santschi, 1926	Santschi	1926	Camponotus ostiarius			Present	https://www.antwiki.org/wiki/Paramyrmamblys
Paraparatrechina	Formicinae	Lasiini	Paraparatrechina		Donisthorpe, 1947	Donisthorpe	1947	Paratrechina (Paraparatrechina) pallida	Paraparatrechina pallida	42	Present	https://www.antwiki.org/wiki/Paraparatrechina
Paraponera	Paraponerinae		Paraponera		Smith, F., 1858	Smith, F.	1858	Formica clavata	Paraponera clavata	1	Present	https://www.antwiki.org/wiki/Paraponera
Parasyscia	Dorylinae		Parasyscia		Emery, 1882	Emery	1882	Parasyscia piochardi		51	Present	https://www.antwiki.org/wiki/Parasyscia
Paratopula	Myrmicinae	Crematogastrini	Paratopula		Wheeler, W.M., 1919	Wheeler, W.M.	1919	Atopomyrmex ceylonicus	Paratopula ceylonica	12	Present	https://www.antwiki.org/wiki/Paratopula
Paratrachymyrmex	Myrmicinae	Attini	Paratrachymyrmex		Solomon, Rabeling, Sosa-Calvo & Schultz, 2019	Solomon, Rabeling, Sosa-Calvo & Schultz	2019	Atta intermedia	Paratrachymyrmex intermedius	9		https://www.antwiki.org/wiki/Paratrachymyrmex
Paratrechina	Formicinae	Lasiini	Paratrechina		Motschoulsky, 1863	Motschoulsky	1863	Paratrechina currens	Paratrechina longicornis	6	Present	https://www.antwiki.org/wiki/Paratrechina
Parvaponera	Ponerinae	Ponerini	Parvaponera		Schmidt & Shattuck, 2014	Schmidt & Shattuck	2014	Belonopelta darwinii	Parvaponera darwinii	7	Present	https://www.antwiki.org/wiki/Parvaponera
Patagonomyrmex	Myrmicinae	Pogonomyrmecini	Patagonomyrmex		Johnson & Moreau, 2016	Johnson & Moreau	2016	Pogonomyrmex angustus	Patagonomyrmex angustus	3	Present	https://www.antwiki.org/wiki/Patagonomyrmex
Perissomyrmex	Myrmicinae	Crematogastrini	Perissomyrmex		Smith, M.R., 1947	Smith, M.R.	1947	Perissomyrmex snyderi		6	Present	https://www.antwiki.org/wiki/Perissomyrmex
Peronomyrmex	Myrmicinae	Crematogastrini	Peronomyrmex		Viehmeyer, 1922	Viehmeyer	1922	Peronomyrmex overbecki		3	Present	https://www.antwiki.org/wiki/Peronomyrmex
Petalomyrmex	Formicinae	Plagiolepidini	Petalomyrmex		Snelling, R.R., 1979	Snelling, R.R.	1979	Petalomyrmex phylax		1	Present	https://www.antwiki.org/wiki/Petalomyrmex
Phalacromyrmex	Myrmicinae	Attini	Phalacromyrmex		Kempf, 1960	Kempf	1960	Phalacromyrmex fugax		1	Present	https://www.antwiki.org/wiki/Phalacromyrmex
Phasmomyrmex	Formicinae	Camponotini	Camponotus	Phasmomyrmex	Stitz, 1910	Stitz	1910	Phasmomyrmex sericeus	Camponotus buchneri		Present	https://www.antwiki.org/wiki/Phasmomyrmex
Phaulomyrma	Leptanillinae	Leptanillini	Phaulomyrma		Wheeler, G.C. & Wheeler, E.W., 1930	Wheeler, G.C. & Wheeler, E.W.	1930	Phaulomyrma javana		1	Present	https://www.antwiki.org/wiki/Phaulomyrma
Pheidole	Myrmicinae	Attini	Pheidole		Westwood, 1839	Westwood	1839	Atta providens	Pheidole providens	1298	Present	https://www.antwiki.org/wiki/Pheidole
Philidris	Dolichoderinae	Leptomyrmecini	Philidris		Shattuck, 1992	Shattuck	1992	Formica cordata	Philidris cordata	16	Present	https://www.antwiki.org/wiki/Philidris
Phrynoponera	Ponerinae	Ponerini	Phrynoponera		Wheeler, W.M., 1920	Wheeler, W.M.	1920	Bothroponera gabonensis	Phrynoponera gabonensis	5	Present	https://www.antwiki.org/wiki/Phrynoponera
Pilotrochus	Myrmicinae	Attini	Pilotrochus		Brown, 1978	Brown	1978	Pilotrochus besmerus		1	Present	https://www.antwiki.org/wiki/Pilotrochus
Plagiolepis	Formicinae	Plagiolepidini	Plagiolepis		Mayr, 1861	Mayr	1861	Formica pygmaea	Plagiolepis pygmaea	75	Present	https://www.antwiki.org/wiki/Plagiolepis
Platythyrea	Ponerinae	Platythyreini	Platythyrea		Roger, 1863	Roger	1863	Pachycondyla punctata	Platythyrea punctata	39	Present	https://www.antwiki.org/wiki/Platythyrea
Plectroctena	Ponerinae	Ponerini	Plectroctena		Smith, F., 1858	Smith, F.	1858	Plectroctena mandibularis		16	Present	https://www.antwiki.org/wiki/Plectroctena
Podomyrma	Myrmicinae	Crematogastrini	Podomyrma		Smith, F., 1859	Smith, F.	1859	Podomyrma femorata		62	Present	https://www.antwiki.org/wiki/Podomyrma
Poecilomyrma	Myrmicinae	Crematogastrini	Poecilomyrma		Mann, 1921	Mann	1921	Poecilomyrma senirewae		2	Present	https://www.antwiki.org/wiki/Poecilomyrma
Pogonomyrmex	Myrmicinae	Pogonomyrmecini	Pogonomyrmex		Mayr, 1868	Mayr	1868	Formica badia	Pogonomyrmex badius	74	Present	https://www.antwiki.org/wiki/Pogonomyrmex
Polyergus	Formicinae	Formicini	Polyergus		Latreille, 1804	Latreille	1804	Formica rufescens	Polyergus rufescens	15	Present	https://www.antwiki.org/wiki/Polyergus
Polyrhachis	Formicinae	Camponotini	Polyrhachis		Smith, F., 1857	Smith, F.	1857	Formica bihamata	Polyrhachis bihamata	788	Present	https://www.antwiki.org/wiki/Polyrhachis
Polyrhachis (subgenus)	Formicinae	Camponotini	Polyrhachis	Polyrhachis	Smith, F., 1857	Smith, F.	1857	Formica bihamata	Polyrhachis bihamata	788	Present	https://www.antwiki.org/wiki/Polyrhachis (subgenus)
Ponera	Ponerinae	Ponerini	Ponera		Latreille, 1804	Latreille	1804	Formica coarctata	Ponera coarctata	61	Present	https://www.antwiki.org/wiki/Ponera
Prenolepis	Formicinae	Lasiini	Prenolepis		Mayr, 1861	Mayr	1861	Tapinoma nitens	Prenolepis nitens	19	Present	https://www.antwiki.org/wiki/Prenolepis
Prionopelta	Amblyoponinae	Amblyoponini	Prionopelta		Mayr, 1866	Mayr	1866	Prionopelta punctulata		25	Present	https://www.antwiki.org/wiki/Prionopelta
Pristomyrmex	Myrmicinae	Crematogastrini	Pristomyrmex		Mayr, 1866	Mayr	1866	Pristomyrmex pungens		61	Present	https://www.antwiki.org/wiki/Pristomyrmex
Proatta	Myrmicinae	Crematogastrini	Proatta		Forel, 1912	Forel	1912	Proatta butteli		1	Present	https://www.antwiki.org/wiki/Proatta
Probolomyrmex	Proceratiinae	Probolomyrmecini	Probolomyrmex		Mayr, 1901	Mayr	1901	Probolomyrmex filiformis		30	Present	https://www.antwiki.org/wiki/Probolomyrmex
Proceratium	Proceratiinae	Proceratiini	Proceratium		Roger, 1863	Roger	1863	Proceratium silaceum		86	Present	https://www.antwiki.org/wiki/Proceratium
Procryptocerus	Myrmicinae	Attini	Procryptocerus		Emery, 1887	Emery	1887	Meranoplus striatus	Procryptocerus striatus	44	Present	https://www.antwiki.org/wiki/Procryptocerus
Proformica	Formicinae	Formicini	Proformica		Ruzsky, 1902	Ruzsky	1902	Formica nasuta	Proformica nasuta	29	Present	https://www.antwiki.org/wiki/Proformica
Prolasius	Formicinae	Melophorini	Prolasius		Forel, 1892	Forel	1892	Formica advena	Prolasius advena	20	Present	https://www.antwiki.org/wiki/Prolasius
Promyopias	Ponerinae	Ponerini	Promyopias		Santschi, 1914	Santschi	1914	Myopias (Promyopias) silvestrii	Promyopias silvestrii	1	Present	https://www.antwiki.org/wiki/Promyopias
Propodilobus	Myrmicinae	Crematogastrini	Propodilobus		Branstetter, 2009	Branstetter	2009	Stenamma orientale	Propodilobus pingorum	1	Present	https://www.antwiki.org/wiki/Propodilobus
Protalaridris	Myrmicinae	Attini	Protalaridris		Brown, 1980	Brown	1980	Protalaridris armata		7	Present	https://www.antwiki.org/wiki/Protalaridris
Protanilla	Leptanillinae	Anomalomyrmini	Protanilla		Taylor, 1990	Taylor	1990	Protanilla rafflesi		13	Present	https://www.antwiki.org/wiki/Protanilla
Psalidomyrmex	Ponerinae	Ponerini	Psalidomyrmex		Andr, 1890	Andr	1890	Psalidomyrmex foveolatus		6	Present	https://www.antwiki.org/wiki/Psalidomyrmex
Pseudoatta	Myrmicinae	Attini	Pseudoatta		Gallardo, 1916	Gallardo	1916	Pseudoatta argentina		2	Present	https://www.antwiki.org/wiki/Pseudoatta
Pseudocolobopsis	Formicinae	Camponotini	Camponotus	Pseudocolobopsis	Emery, 1920	Emery	1920	Camponotus macrocephalus Emery			Present	https://www.antwiki.org/wiki/Pseudocolobopsis
Pseudolasius	Formicinae	Lasiini	Pseudolasius		Emery, 1887	Emery	1887	Formica familiaris	Pseudolasius familiaris	66	Present	https://www.antwiki.org/wiki/Pseudolasius
Pseudomyrmex	Pseudomyrmecinae		Pseudomyrmex		Lund, 1831	Lund	1831	Formica gracilis	Pseudomyrmex gracilis	146	Present	https://www.antwiki.org/wiki/Pseudomyrmex
Pseudoneoponera	Ponerinae	Ponerini	Pseudoneoponera		Donisthorpe, 1943	Donisthorpe	1943	Pseudoneoponera verecundae		29	Present	https://www.antwiki.org/wiki/Pseudoneoponera
Pseudonotoncus	Formicinae	Melophorini	Pseudonotoncus		Clark, 1934	Clark	1934	Pseudonotoncus hirsutus		2	Present	https://www.antwiki.org/wiki/Pseudonotoncus
Pseudoponera	Ponerinae	Ponerini	Pseudoponera		Emery, 1900	Emery	1900	Ponera quadridentata	Pseudoponera stigma	6	Present	https://www.antwiki.org/wiki/Pseudoponera
Rasopone	Ponerinae	Ponerini	Rasopone		Schmidt & Shattuck, 2014	Schmidt & Shattuck	2014	Ponera ferruginea	Rasopone ferruginea	15	Present	https://www.antwiki.org/wiki/Rasopone
Ravavy	Dolichoderinae	Bothriomyrmecini	Ravavy		Fisher, 2009	Fisher	2009	Ravavy miafina		1	Present	https://www.antwiki.org/wiki/Ravavy
Recurvidris	Myrmicinae	Crematogastrini	Recurvidris		Bolton, 1992	Bolton	1992	Not required		12	Present	https://www.antwiki.org/wiki/Recurvidris
Rhinomyrmex	Formicinae	Camponotini	Camponotus	Rhinomyrmex	Forel, 1886	Forel	1886	Rhinomyrmex klaesii	Camponotus klaesii		Present	https://www.antwiki.org/wiki/Rhinomyrmex
Rhopalomastix	Myrmicinae	Crematogastrini	Rhopalomastix		Forel, 1900	Forel	1900	Rhopalomastix rothneyi		11	Present	https://www.antwiki.org/wiki/Rhopalomastix
Rhopalothrix	Myrmicinae	Attini	Rhopalothrix		Mayr, 1870	Mayr	1870	Rhopalothrix ciliata		16	Present	https://www.antwiki.org/wiki/Rhopalothrix
Rhytidoponera	Ectatomminae	Ectatommini	Rhytidoponera		Mayr, 1862	Mayr	1862	Ponera araneoides	Rhytidoponera araneoides	104	Present	https://www.antwiki.org/wiki/Rhytidoponera
Rogeria	Myrmicinae	Solenopsidini	Rogeria		Emery, 1894	Emery	1894	Rogeria curvipubens		40	Present	https://www.antwiki.org/wiki/Rogeria
Romblonella	Myrmicinae	Crematogastrini	Romblonella		Wheeler, W.M., 1935	Wheeler, W.M.	1935	Romblonella grandinodis	Romblonella opaca	10	Present	https://www.antwiki.org/wiki/Romblonella
Rossomyrmex	Formicinae	Formicini	Rossomyrmex		Arnoldi, 1928	Arnoldi	1928	Rossomyrmex proformicarum		4	Present	https://www.antwiki.org/wiki/Rossomyrmex
Rostromyrmex	Myrmicinae	Crematogastrini	Rostromyrmex		Rosciszewski, 1994	Rosciszewski	1994	Rostromyrmex pasohensis		1	Present	https://www.antwiki.org/wiki/Rostromyrmex
Rotastruma	Myrmicinae	Crematogastrini	Rotastruma		Bolton, 1991	Bolton	1991	Rotastruma recava		2	Present	https://www.antwiki.org/wiki/Rotastruma
Royidris	Myrmicinae	Crematogastrini	Royidris		Bolton & Fisher, 2014	Bolton & Fisher	2014	Monomorium robertsoni	Royidris robertsoni	15	Present	https://www.antwiki.org/wiki/Royidris
Santschiella	Formicinae	Santschiellini	Santschiella		Forel, 1916	Forel	1916	Santschiella kohli		1	Present	https://www.antwiki.org/wiki/Santschiella
Scyphodon	Leptanillinae	Leptanillini	Scyphodon		Brues, 1925	Brues	1925	Scyphodon anomalum		1	Present	https://www.antwiki.org/wiki/Scyphodon
Secostruma	Myrmicinae	Crematogastrini	Secostruma		Bolton, 1988	Bolton	1988	Secostruma lethifera		1	Present	https://www.antwiki.org/wiki/Secostruma
Sericomyrmex	Myrmicinae	Attini	Sericomyrmex		Mayr, 1865	Mayr	1865	Sericomyrmex opacus		11	Present	https://www.antwiki.org/wiki/Sericomyrmex
Simopelta	Ponerinae	Ponerini	Simopelta		Mann, 1922	Mann	1922	Belonopelta (Simopelta) jeckylli	Simopelta jeckylli	22	Present	https://www.antwiki.org/wiki/Simopelta
Simopone	Dorylinae		Simopone		Forel, 1891	Forel	1891	Simopone grandidieri		40	Present	https://www.antwiki.org/wiki/Simopone
Solenopsis	Myrmicinae	Solenopsidini	Solenopsis		Westwood, 1840	Westwood	1840	Solenopsis mandibularis	Solenopsis geminata	216	Present	https://www.antwiki.org/wiki/Solenopsis
Sphinctomyrmex	Dorylinae		Sphinctomyrmex		Mayr, 1866	Mayr	1866	Sphinctomyrmex stali		3	Present	https://www.antwiki.org/wiki/Sphinctomyrmex
Stegomyrmex	Myrmicinae	Solenopsidini	Stegomyrmex		Emery, 1912	Emery	1912	Stegomyrmex connectens		5	Present	https://www.antwiki.org/wiki/Stegomyrmex
Stenamma	Myrmicinae	Stenammini	Stenamma		Westwood, 1839	Westwood	1839	Stenamma westwoodii		85	Present	https://www.antwiki.org/wiki/Stenamma
Stereomyrmex	Myrmicinae	Crematogastrini	Stereomyrmex		Emery, 1901	Emery	1901	Stereomyrmex horni		3	Present	https://www.antwiki.org/wiki/Stereomyrmex
Stigmacros	Formicinae	Melophorini	Stigmacros		Forel, 1905	Forel	1905	Acantholepis (Acrostigma) froggatti	Stigmacros froggatti	48	Present	https://www.antwiki.org/wiki/Stigmacros
Stigmatomma	Amblyoponinae	Amblyoponini	Stigmatomma		Roger, 1859	Roger	1859	Stigmatomma denticulatum		53	Present	https://www.antwiki.org/wiki/Stigmatomma
Streblognathus	Ponerinae	Ponerini	Streblognathus		Mayr, 1862	Mayr	1862	Ponera aethiopica	Streblognathus aethiopicus	2	Present	https://www.antwiki.org/wiki/Streblognathus
Strongylognathus	Myrmicinae	Crematogastrini	Strongylognathus		Mayr, 1853	Mayr	1853	Eciton testaceum	Strongylognathus testaceus	26	Present	https://www.antwiki.org/wiki/Strongylognathus
Strumigenys	Myrmicinae	Attini	Strumigenys		Smith, F., 1860	Smith, F.	1860	Strumigenys mandibularis		852	Present	https://www.antwiki.org/wiki/Strumigenys
Syllophopsis	Myrmicinae	Solenopsidini	Syllophopsis		Santschi, 1915	Santschi	1915	Monomorium modestum	Syllophopsis modesta	22	Present	https://www.antwiki.org/wiki/Syllophopsis
Syscia	Dorylinae		Syscia		Roger, 1861	Roger	1861	Syscia typhla		38	Present	https://www.antwiki.org/wiki/Syscia
Talaridris	Myrmicinae	Attini	Talaridris		Weber, 1941	Weber	1941	Talaridris mandibularis		1	Present	https://www.antwiki.org/wiki/Talaridris
Tanaemyrmex	Formicinae	Camponotini	Camponotus	Tanaemyrmex	Ashmead, 1905	Ashmead	1905	Formica longipes	Camponotus etiolipes	1	Present	https://www.antwiki.org/wiki/Tanaemyrmex
Tanipone	Dorylinae		Tanipone		Bolton & Fisher, 2012	Bolton & Fisher	2012	Tanipone hirsuta		10	Present	https://www.antwiki.org/wiki/Tanipone
Tapinolepis	Formicinae	Plagiolepidini	Tapinolepis		Emery, 1925	Emery	1925	Plagiolepis tumidula	Tapinolepis tumidula	18	Present	https://www.antwiki.org/wiki/Tapinolepis
Tapinoma	Dolichoderinae	Tapinomini	Tapinoma		Foerster, 1850	Foerster	1850	Tapinoma collina	Tapinoma erraticum	92	Present	https://www.antwiki.org/wiki/Tapinoma
Tatuidris	Agroecomyrmecinae	Agroecomyrmicini	Tatuidris		Brown & Kempf, 1968	Brown & Kempf	1968	Tatuidris tatusia		1	Present	https://www.antwiki.org/wiki/Tatuidris
Technomyrmex	Dolichoderinae	Tapinomini	Technomyrmex		Mayr, 1872	Mayr	1872	Technomyrmex strenuus		96	Present	https://www.antwiki.org/wiki/Technomyrmex
Temnothorax	Myrmicinae	Crematogastrini	Temnothorax		Mayr, 1861	Mayr	1861	Myrmica recedens	Temnothorax recedens	455	Present	https://www.antwiki.org/wiki/Temnothorax
Terataner	Myrmicinae	Crematogastrini	Terataner		Emery, 1912	Emery	1912	Atopomyrmex foreli	Terataner foreli	14	Present	https://www.antwiki.org/wiki/Terataner
Teratomyrmex	Formicinae	Melophorini	Teratomyrmex		McAreavey, 1957	McAreavey	1957	Teratomyrmex greavesi		3	Present	https://www.antwiki.org/wiki/Teratomyrmex
Tetheamyrma	Myrmicinae	Crematogastrini	Tetheamyrma		Bolton, 1991	Bolton	1991	Tetheamyrma subspongia		2	Present	https://www.antwiki.org/wiki/Tetheamyrma
Tetramorium	Myrmicinae	Crematogastrini	Tetramorium		Mayr, 1855	Mayr	1855	Formica caespitum	Tetramorium caespitum	595	Present	https://www.antwiki.org/wiki/Tetramorium
Tetraponera	Pseudomyrmecinae		Tetraponera		Smith, F., 1852	Smith, F.	1852	Tetraponera atrata	Tetraponera nigra	109	Present	https://www.antwiki.org/wiki/Tetraponera
Thaumatomyrmex	Ponerinae	Ponerini	Thaumatomyrmex		Mayr, 1887	Mayr	1887	Thaumatomyrmex mutilatus		13	Present	https://www.antwiki.org/wiki/Thaumatomyrmex
Thlipsepinotus	Formicinae	Camponotini	Camponotus	Thlipsepinotus	Santschi, 1928	Santschi	1928	Camponotus claripes			Present	https://www.antwiki.org/wiki/Thlipsepinotus
Trachymyrmex	Myrmicinae	Attini	Trachymyrmex		Forel, 1893	Forel	1893	Atta septentrionalis	Trachymyrmex septentrionalis	9	Present	https://www.antwiki.org/wiki/Trachymyrmex
Tranopelta	Myrmicinae	Attini	Tranopelta		Mayr, 1866	Mayr	1866	Tranopelta gilva		2	Present	https://www.antwiki.org/wiki/Tranopelta
Trichomyrmex	Myrmicinae	Crematogastrini	Trichomyrmex		Mayr, 1865	Mayr	1865	Trichomyrmex rogeri		29	Present	https://www.antwiki.org/wiki/Trichomyrmex
Tropidomyrmex	Myrmicinae	Solenopsidini	Tropidomyrmex		Silva, Feitosa, Brando & Diniz, 2009	Silva, Feitosa, Brando & Diniz	2009	Tropidomyrmex elianae		1	Present	https://www.antwiki.org/wiki/Tropidomyrmex
Turneria	Dolichoderinae	Leptomyrmecini	Turneria		Forel, 1895	Forel	1895	Turneria bidentata		8	Present	https://www.antwiki.org/wiki/Turneria
Typhlomyrmex	Ectatomminae	Typhlomyrmecini	Typhlomyrmex		Mayr, 1862	Mayr	1862	Typhlomyrmex rogenhoferi		7	Present	https://www.antwiki.org/wiki/Typhlomyrmex
Tyrannomyrmex	Myrmicinae	Solenopsidini	Tyrannomyrmex		Fernndez, 2003	Fernndez	2003	Tyrannomyrmex rex		4	Present	https://www.antwiki.org/wiki/Tyrannomyrmex
Veromessor	Myrmicinae	Stenammini	Veromessor		Forel, 1917	Forel	1917	Aphaenogaster andrei	Veromessor andrei	11	Present	https://www.antwiki.org/wiki/Veromessor
Vicinopone	Dorylinae		Vicinopone		Bolton & Fisher, 2012	Bolton & Fisher	2012	Simopone conciliatrix	Vicinopone conciliatrix	1	Present	https://www.antwiki.org/wiki/Vicinopone
Vitsika	Myrmicinae	Crematogastrini	Vitsika		Bolton & Fisher, 2014	Bolton & Fisher	2014	Vitsika crebra		16	Present	https://www.antwiki.org/wiki/Vitsika
Vollenhovia	Myrmicinae	Crematogastrini	Vollenhovia		Mayr, 1865	Mayr	1865	Vollenhovia punctatostriata		77	Present	https://www.antwiki.org/wiki/Vollenhovia
Vombisidris	Myrmicinae	Crematogastrini	Vombisidris		Bolton, 1991	Bolton	1991	Vombisidris philax		18	Present	https://www.antwiki.org/wiki/Vombisidris
Wasmannia	Myrmicinae	Attini	Wasmannia		Forel, 1893	Forel	1893	Tetramorium auropunctatum	Wasmannia auropunctata	11	Present	https://www.antwiki.org/wiki/Wasmannia
Xenomyrmex	Myrmicinae	Crematogastrini	Xenomyrmex		Forel, 1885	Forel	1885	Xenomyrmex stollii		5	Present	https://www.antwiki.org/wiki/Xenomyrmex
Xerolitor	Myrmicinae	Attini	Xerolitor		Sosa-Calvo, Schultz, Jesovnik, Dahan & Rabeling, 2018	Sosa-Calvo, Schultz, Jesovnik, Dahan & Rabeling	2018	Mycetosoritis explicatus	Xerolitor explicatus	1	Present	https://www.antwiki.org/wiki/Xerolitor
Xymmer	Amblyoponinae	Amblyoponini	Xymmer		Santschi, 1914	Santschi	1914	Stigmatomma (Xymmer) muticum	Xymmer muticus	2	Present	https://www.antwiki.org/wiki/Xymmer
Yavnella	Leptanillinae	Leptanillini	Yavnella		Kugler, J., 1987	Kugler, J.	1987	Yavnella argamani		2	Present	https://www.antwiki.org/wiki/Yavnella
Yunodorylus	Dorylinae		Yunodorylus		Xu, Z., 2000	Xu, Z.	2000	Yunodorylus sexspinus		4	Present	https://www.antwiki.org/wiki/Yunodorylus
Zasphinctus	Dorylinae		Zasphinctus		Wheeler, W.M., 1918	Wheeler, W.M.	1918	Sphinctomyrmex turneri	Zasphinctus turneri	23	Present	https://www.antwiki.org/wiki/Zasphinctus
Zatania	Formicinae	Lasiini	Zatania		LaPolla, Kallal & Brady, 2012	LaPolla, Kallal & Brady	2012	Paratrechina (Nylanderia) cisipa	Zatania cisipa	6	Present	https://www.antwiki.org/wiki/Zatania

